,Price,6M_Return(%),12M_ex1_Return(%),Volatility(%),MomentumScore,Above_200DMA,Positive_6M,Positive_12M_ex1,SMA_200
360ONE.NS,656.2587280273438,35.32752929603183,63.62610077148536,33.41303460807368,1.5649887209424345,True,True,True,494.3898928833008
APLAPOLLO.NS,1543.26513671875,18.958806003405492,45.66552333980205,32.03013204136808,1.0918443269857916,True,True,True,1444.9735974121095
AUBANK.NS,769.881591796875,0.30059787990350806,19.635441873003945,22.9259153466166,0.5189025201699405,True,True,True,720.7248037719727
ACE.NS,900.3994140625,47.52282671457111,157.8657519717337,40.019386263044716,2.8411272938716854,True,True,True,650.9260821533203
ADANIPORTS.NS,1192.1600341796875,67.24496092821173,32.006447578621014,35.63176503156507,1.2934783919266784,True,True,True,794.9655798339844
ADANIPOWER.NS,541.1500244140625,124.68341735539754,83.18615141369048,52.10128759653446,1.914845370218971,True,True,True,328.58775024414064
ABREL.NS,1445.039306640625,64.03762382054883,73.86945170249253,41.40006481214246,1.6888821803825786,True,True,True,994.62029296875
ABSLAMC.NS,476.0889892578125,33.50059183426175,5.446991383087485,20.71940453387825,0.8040960142543325,True,True,True,383.7191746520996
AFFLE.NS,1304.199951171875,23.357763175396084,16.11378742390912,26.28986556801155,0.7228697681111872,True,True,True,1064.6827496337892
AJANTPHARM.NS,2206.130126953125,59.09945673689474,58.64838754614181,30.64397325444946,1.9191252870915816,True,True,True,1600.194049682617
APLLTD.NS,922.7702026367188,45.15653372887496,34.42002525948955,31.72678937756981,1.2198659475808709,True,True,True,671.9343348693848
ALOKINDS.NS,34.04999923706055,112.81249523162842,46.601941088357826,67.04605331124682,1.0899263994322768,True,True,True,17.647750034332276
ANANDRATHI.NS,1396.3109130859375,202.53035663608986,257.0477236684895,37.70169292769472,6.237873683012875,True,True,True,741.5846293640137
ANANTRAJ.NS,327.081298828125,79.25663638664864,162.16199228010203,33.526463124259365,3.8465550002917777,True,True,True,206.36154197692872
APOLLOTYRE.NS,461.9942321777344,10.215484991024336,34.55675138042942,26.7888664429354,0.9261677122619635,True,True,True,386.6599169921875
APTUS.NS,336.10650634765625,32.84615404564206,9.196069993140487,30.740730363661665,0.6066881467045463,True,True,True,270.2464414215088
ASAHIINDIA.NS,559.7355346679688,5.383110469642638,8.084090384954523,34.121793973381656,0.20519573112071812,True,True,True,530.2090785217285
ASHOKLEY.NS,85.67781066894531,3.8280313519185816,20.453631938222404,20.739542128536183,0.6652383757768567,True,True,True,81.03243003845215
ASTERDM.NS,394.83868408203125,29.07596582948342,73.07275076282045,40.27917406544612,1.376896848254399,True,True,True,312.17709747314456
AUROPHARMA.NS,1143.7000732421875,56.87151105508046,137.68143073324467,27.0661617583755,3.8911520695649795,True,True,True,808.3877433776855
AXISBANK.NS,1117.6815185546875,17.842112971858313,18.118404606452486,19.20231468058017,0.9373096501910417,True,True,True,979.0280117797852
BASF.NS,2981.7578125,16.94094928634431,6.243006315395427,21.897951932804773,0.48029060571468374,True,True,True,2620.303797607422
BLS.NS,390.68896484375,78.22849830320837,82.02403966962186,42.369149150696984,1.8996564286079454,True,True,True,238.57689430236817
BSE.NS,741.5192260742188,200.5378873368612,335.7568568976417,50.12574620133877,5.618132578344034,True,True,True,396.87704093933104
BAJFINANCE.NS,740.5076293945312,0.6196089723419673,23.047493222972946,20.890548760480385,0.6734913845581257,True,True,True,707.2269714355468
BAJAJFINSV.NS,1630.576416015625,2.460467443481451,17.906001351031307,19.177612440684918,0.6112166286590229,True,True,True,1531.13376953125
BALKRISIND.NS,2652.007080078125,12.024934487413642,20.850916740437885,22.643995313530027,0.7645681743777689,True,True,True,2369.390574951172
BANKBARODA.NS,217.33396911621094,12.896924083328699,23.152002220962743,27.27619174889809,0.698154258432873,True,True,True,183.94870223999024
BANKINDIA.NS,123.50473022460938,65.06932539434898,21.710474679352586,37.55445135837534,1.039653543526164,True,True,True,86.07333375930786
MAHABANK.NS,47.82244873046875,57.50000455424982,56.83547346951574,42.74302060591468,1.3356082235627975,True,True,True,35.36731068611145
BERGEPAINT.NS,594.9232788085938,8.581713751642429,22.035510000913305,26.035531071220003,0.6394183883471439,True,True,True,552.5914584350586
BDL.NS,869.8319702148438,42.96049331122551,48.4821840684869,36.717398197731235,1.2599179369161195,True,True,True,569.5757664489746
BEL.NS,185.30267333984375,48.465353213238636,66.96187435346386,27.06444473573087,2.199981069926303,True,True,True,129.20425594329834
BHARATFORG.NS,1241.0968017578125,47.14176737161213,37.418752019415535,24.47837092949338,1.6868397771018557,True,True,True,956.5895388793946
BHEL.NS,200.65943908691406,114.27301426947847,122.24481542292503,45.928301565847335,2.591652083412205,True,True,True,115.83132125854492
BPCL.NS,215.27777099609375,26.113956660641847,37.85961238932734,23.742063141502634,1.39614609056463,True,True,True,168.7263501739502
BHARTIARTL.NS,1087.2017822265625,24.44114111277722,25.11677307891762,15.892449541202522,1.5624335249789825,True,True,True,876.5516442871094
BIKAJI.NS,582.2342529296875,40.156251469246904,30.99133404883332,29.067532275355873,1.1918927881776236,True,True,True,459.7384452819824
BSOFT.NS,771.1307983398438,127.90531675956922,143.109590707016,30.735148248872747,4.45689446734287,True,True,True,452.01285278320313
BLUESTARCO.NS,1052.906494140625,36.47813589696447,66.90739303537525,32.811947413152645,1.6676551665571455,True,True,True,815.1721533203125
BBTC.NS,1638.1112060546875,45.19498589912614,45.65828546087931,52.770496011811055,0.8615486604370344,True,True,True,1146.151023864746
BRIGADE.NS,967.6361083984375,67.84415635013347,86.29022400310522,32.48913333076705,2.428120040579988,True,True,True,625.534624786377
MAPMYINDIA.NS,2014.49658203125,51.46162676762911,104.15667218767197,38.44299373824656,2.1605249928049735,True,True,True,1594.4204049682617
CESC.NS,131.8726043701172,88.25502029005648,67.62798059035397,35.716377830422836,2.1238871970284183,True,True,True,81.12774463653564
CGPOWER.NS,455.5152587890625,12.787979598256527,72.86727305684349,39.533808734687966,1.2349734948664666,True,True,True,392.2712872314453
CANBK.NS,87.48706817626953,40.49810760571522,42.27674013882255,28.658859882481757,1.449840952725793,True,True,True,65.51614322662354
CAPLIPOINT.NS,1450.7882080078125,77.64738520380519,70.44427893513212,42.14289123057419,1.7395134545223585,True,True,True,961.4106701660156
CASTROLIND.NS,164.6324005126953,35.09876797890878,21.62755164603418,38.33193152139813,0.7046081693643087,True,True,True,124.43819160461426
CEATLTD.NS,2443.205810546875,0.27334420096971623,44.29795881343932,25.13505823365392,1.0613661229359312,True,True,True,2052.1908801269533
CENTRALBK.NS,52.02326583862305,68.69982835713763,50.39121756487026,48.75719721371354,1.1834730142241516,True,True,True,36.690264768600464
CDSL.NS,908.1852416992188,53.91557874586746,75.08178261450513,34.41182322962389,1.9352635862042316,True,True,True,642.0145906066895
CENTURYPLY.NS,768.68994140625,14.340913653027854,48.255062473071945,28.593747279098015,1.2127572868888874,True,True,True,632.90446975708
CHALET.NS,740.1500244140625,61.41097898103831,94.05013233347022,30.83483875401784,2.6258678684759578,True,True,True,509.81674880981444
CHAMBLFERT.NS,375.75482177734375,46.17918324519812,15.46402035786516,29.192748805244513,0.950255939872849,True,True,True,281.4875057220459
CHENNPETRO.NS,793.6966552734375,102.25772795651964,250.58044880964127,53.08256287303574,3.602225059764895,True,True,True,432.10083351135256
CHOLAHLDNG.NS,1015.2391357421875,8.135104016555129,87.82445875547195,28.09245597295859,1.9908835339424256,True,True,True,933.5657632446289
CHOLAFIN.NS,1274.42333984375,11.360549340577553,80.26534016043185,26.445588785885377,1.99214707557779,True,True,True,1094.4093060302735
CIPLA.NS,1290.9273681640625,29.50500442601609,11.583617665004864,25.506988233977662,0.734889721210888,True,True,True,1089.5473867797853
CLEAN.NS,1515.343017578125,16.545433481164018,2.822584517733673,23.52431968472171,0.35317460689130153,True,True,True,1397.9716748046876
COALINDIA.NS,347.9370422363281,74.63322843679134,73.71900225861177,28.95627073777252,2.557619287638428,True,True,True,237.71932640075684
COCHINSHIP.NS,762.1371459960938,141.9746969080092,146.83987309366913,65.46045776204396,2.2131172985841916,True,True,True,413.8860780334473
COFORGE.NS,1297.0133056640625,43.356027151628986,59.31951087619245,31.35829259203832,1.6875039414737678,True,True,True,971.6625567626953
COLPAL.NS,2417.518310546875,39.77178259095029,59.431442623931986,22.01466110215553,2.341356281104931,True,True,True,1858.5310595703124
CAMS.NS,2765.094482421875,28.711896531601198,25.66581052265331,30.898746015681454,0.8697941001098145,True,True,True,2312.345182495117
CONCOR.NS,888.6251220703125,32.66715004031708,19.480801801118552,23.89396848339463,1.0356163711475252,True,True,True,690.8371697998047
COROMANDEL.NS,1194.196533203125,26.476042280560463,39.37592538948218,23.080191553507472,1.4818401166843493,True,True,True,1042.00431640625
CREDITACC.NS,1658.6475830078125,28.99193010176657,101.49878625642508,32.53380677241014,2.2276448573318746,True,True,True,1355.9721829223633
CUMMINSIND.NS,1989.291015625,8.324127553652483,39.720476786028925,21.821102108154108,1.2441853351477443,True,True,True,1725.0508142089843
CYIENT.NS,2235.288330078125,64.06650221324016,163.84504630409646,41.07120169930944,3.0167965770542984,True,True,True,1541.2663946533203
DCMSHRIRAM.NS,1017.7345581054688,15.559834326862099,12.66671022560315,38.14036385026606,0.36235460087257654,True,True,True,907.580146484375
DLF.NS,795.0083618164062,64.85718129697251,89.14041598985074,26.816783767992337,2.9607396398917487,True,True,True,523.286791229248
DALBHARAT.NS,2276.540771484375,11.297931656297045,28.870169185824167,28.13503338221477,0.7760258755924986,True,True,True,2120.765892944336
DEEPAKNTR.NS,2411.882080078125,25.87934627294488,17.215989218178997,25.331851529844602,0.8160939628159903,True,True,True,2080.504237060547
DELHIVERY.NS,410.45001220703125,4.360545371562585,13.280177865867927,30.14366551341343,0.3220943358884643,True,True,True,391.4252516174316
LALPATHLAB.NS,2443.03173828125,4.88632698630751,12.584420775103112,27.309230681681896,0.34793012183751904,True,True,True,2249.3891833496095
DRREDDY.NS,1142.594482421875,11.452125388990343,30.70237508839575,19.26493725870433,1.1933774361961171,True,True,True,1044.148204345703
EIHOTEL.NS,287.0213928222656,35.450389625651745,38.76470709179116,37.0140692448679,1.0112065169747653,True,True,True,217.33050392150878
ELECON.NS,534.2657470703125,47.27478281015492,156.62039315645364,38.23309612967201,2.9517000567940754,True,True,True,359.8901170349121
EMAMILTD.NS,522.1480102539062,26.84700807873972,21.307982463393984,30.95198115304123,0.7597573486418093,True,True,True,448.6185209655762
ENDURANCE.NS,1942.3306884765625,15.974367169451975,20.661250969049718,29.614038456294683,0.6341639569813197,True,True,True,1570.9759228515625
ENGINERSIN.NS,221.7410125732422,88.48700272139752,105.60773313614172,46.855467808892705,2.1072965999819697,True,True,True,128.50660732269287
ERIS.NS,914.30908203125,31.085609087481213,33.025555864132805,25.679721855446914,1.255349409189278,True,True,True,769.5320245361328
ESCORTS.NS,2863.77587890625,25.189301706722354,45.50306636419563,27.568453827072346,1.3553174784771542,True,True,True,2616.97831237793
EXIDEIND.NS,322.7532043457031,29.015701742764865,65.30575029205461,25.805003951855614,1.9674500521890441,True,True,True,245.61855270385743
NYKAA.NS,187.60000610351562,30.232559617586464,15.546898068022408,32.1962775721448,0.6651238299695705,True,True,True,145.84250038146973
FEDERALBNK.NS,151.13238525390625,14.784564516029963,12.506236951341766,22.954332972109516,0.5842785851221046,True,True,True,136.76554756164552
FACT.NS,798.4053955078125,70.27627726173708,110.1173004582281,62.51355125164658,1.5063266448281183,True,True,True,515.356736831665
FINCABLES.NS,1061.974853515625,31.016144535401757,105.12680408888086,40.33670114801367,1.870847879002007,True,True,True,948.1254830932617
FINPIPE.NS,238.52114868164062,40.43916769985445,16.839245447693973,36.94539466646619,0.7111063103434874,True,True,True,195.64790161132814
FSL.NS,203.15032958984375,65.51860120902279,82.41341994763434,34.12214644683229,2.216546579337998,True,True,True,145.08436546325683
FIVESTAR.NS,729.920166015625,14.40955249445388,8.696323944404183,33.24612777121186,0.3302132900129849,True,True,True,672.1832928466797
FORTIS.NS,412.8616027832031,25.40377001562466,38.386433759644966,24.561918538280068,1.3508659574271988,True,True,True,325.5689733123779
GAIL.NS,153.47512817382812,49.367099886350196,55.16469181813446,29.588209030335822,1.7854342129707284,True,True,True,111.82548782348633
GVT&D.NS,623.1640625,173.24588682767873,318.81363265395726,44.48890216333515,5.856021646712804,True,True,True,312.62987365722654
GMRAIRPORT.NS,83.25,83.16831375695637,90.96534309895796,41.23373625071743,2.129936309071156,True,True,True,54.61299997329712
GRSE.NS,878.6486206054688,46.037139815259565,72.93154784023632,51.309415928827484,1.2115060841002467,True,True,True,664.4012677001953
GICRE.NS,303.351318359375,71.80107388893009,65.45123461913136,42.59062398309012,1.5960134845451854,True,True,True,207.47657875061034
GLAND.NS,1927.8131103515625,79.90757557444302,15.494608261807707,42.656441987113986,0.9670315420095965,True,True,True,1430.764508972168
GLAXO.NS,2202.6162109375,61.961435513723416,37.13380372129229,25.711993278018692,1.8297515254575962,True,True,True,1437.9068029785155
GLENMARK.NS,909.1478271484375,34.94646027179582,91.43016624161842,35.11823502462747,1.9595827631371125,True,True,True,714.2971691894531
MEDANTA.NS,1019.932861328125,45.43511047245274,96.64328500044232,26.594803406295853,2.862641532289004,True,True,True,716.2691693115235
GODFRYPHLP.NS,2115.84375,34.48659932324494,8.991489184675384,37.38848920894648,0.513109851387063,True,True,True,1896.018726196289
GODREJAGRO.NS,546.0868530273438,23.559171071995543,16.65752358318151,25.14254614434049,0.7720165770603847,True,True,True,459.85046279907226
GODREJCP.NS,1103.4935302734375,6.670220051854092,14.530086821649757,18.812146264608863,0.6049331438434713,True,True,True,991.6140771484374
GODREJIND.NS,832.0,67.3202614379085,56.24273203062089,41.40675717234281,1.4649564074044048,True,True,True,558.3880007934571
GODREJPROP.NS,2311.35009765625,44.57232823494919,70.00947327198357,32.66499497674841,1.8312050330764624,True,True,True,1611.489497680664
GRANULES.NS,427.1532897949219,39.73503077733716,19.097713762921043,30.84883851044636,0.886379458495434,True,True,True,324.96219772338867
GRAPHITE.NS,537.120849609375,38.02000572927624,40.28010102004001,34.586677247072544,1.1381458000295788,True,True,True,410.04176445007323
GRASIM.NS,2085.37109375,19.29815642387098,24.563262145643037,17.16494299763811,1.3075571697689197,True,True,True,1828.3956408691406
GRAVITA.NS,994.8172607421875,63.40289674443076,141.6299396961356,39.1175083884973,2.8199884700016105,True,True,True,772.8697608947754
GESHIP.NS,905.0108032226562,28.4239500837397,37.49698342872794,31.611518776289483,1.0710355290122069,True,True,True,732.5909387207031
GMDCLTD.NS,449.7489013671875,181.5865089513761,189.43228102649434,68.27233790280786,2.728289304645885,True,True,True,247.51982540130615
GNFC.NS,738.6043701171875,31.222282934653634,33.9948745046114,28.77449151835335,1.14248458603689,True,True,True,595.9425825500489
GPPL.NS,160.17813110351562,44.09404256096017,63.814654110899546,38.85084734414087,1.439145394737666,True,True,True,117.80049518585206
GSPL.NS,319.244873046875,10.972808149832257,8.30150951026074,24.48295907246167,0.3825601038391646,True,True,True,280.1401468658447
HEG.NS,362.9361267089844,19.662619718553607,68.28936096708674,34.37776290717898,1.4202338372374217,True,True,True,302.3561547088623
HCLTECH.NS,1493.946044921875,45.622896804767436,41.587721231768306,22.031788733492004,1.9599948072872964,True,True,True,1129.7834802246093
HDFCBANK.NS,816.1538696289062,2.4403684090693822,4.336675330008788,15.123943351683817,0.23643226874077847,True,True,True,784.5036999511718
HAVELLS.NS,1423.4683837890625,11.609989512862562,14.946754792015483,22.02251190382685,0.6178164677623537,True,True,True,1295.2600366210938
HSCL.NS,373.7716979980469,181.27579815754635,201.08536404180373,52.51495561651785,3.6775192938450783,True,True,True,195.24953483581544
HINDALCO.NS,567.2149047851562,36.1426786266263,17.38160396907378,25.293450346841023,0.9835035732667048,True,True,True,458.84912490844727
HAL.NS,2968.648681640625,58.27197807025251,123.22640562682085,26.031360991386833,3.7342378010257264,True,True,True,1917.569970703125
HINDCOPPER.NS,256.21185302734375,116.22060835007568,60.49860283132163,53.18585122679147,1.5562755953631273,True,True,True,145.18762256622315
HINDPETRO.NS,275.8759765625,54.28965202961744,52.75461785709592,39.45435426140412,1.3523249657805427,True,True,True,175.58267700195313
HINDZINC.NS,298.78436279296875,0.6705981112449688,10.957858906980643,18.105148493043107,0.3777476398448692,True,True,True,283.0794612121582
HOMEFIRST.NS,968.080078125,22.083775467178903,34.93117909326231,30.85213509390025,0.9653323579909164,True,True,True,829.4373751831055
HUDCO.NS,127.76409149169922,131.99641967642984,125.06918091497026,55.09886068643253,2.319773532371856,True,True,True,68.92032236099243
ICICIBANK.NS,993.5641479492188,7.810497621401891,18.541573912695796,15.390532260778755,0.9252370732969524,True,True,True,931.5187539672852
ICICIGI.NS,1358.8076171875,1.143803840835167,15.508236133824948,18.708549540251223,0.5215395132852805,True,True,True,1281.8771014404297
IDBI.NS,66.35076141357422,16.68077649019861,22.757610440338972,37.912472830059976,0.5360113764567151,True,True,True,57.96088258743286
IDFCFIRSTB.NS,86.46698760986328,4.39229814188653,46.064622128613905,23.507350725759256,1.2499576536792885,True,True,True,80.43846870422364
IFCI.NS,32.349998474121094,152.7343593130356,108.51062995124359,65.17273325248226,1.9360974202651207,True,True,True,17.773499965667725
IIFL.NS,657.0059814453125,21.902655092747004,43.5515404965783,36.69619408626429,0.9505748880705287,True,True,True,552.0852313232422
IRB.NS,46.21605682373047,80.09812348205763,34.009768379877144,43.37363781415963,1.2088684366536042,True,True,True,30.74608709335327
IRCON.NS,197.77149963378906,150.45125523659354,198.74342195728488,59.55982825678462,3.0120374780260146,True,True,True,113.326245803833
ITI.NS,315.29998779296875,191.94443314163775,192.74039635291467,70.14787673650477,2.7427000362495613,True,True,True,173.44749931335448
INDIACEM.NS,257.29998779296875,23.642470084781976,22.972359605483895,41.206424993933986,0.5638626785468057,True,True,True,221.894750289917
INDIANB.NS,414.0108642578125,33.88838939852259,57.25116103703818,38.32584258314598,1.249641305723992,True,True,True,343.6898719024658
IEX.NS,158.36199951171875,33.57002955785609,9.528271222960738,29.80169732377314,0.6421967306655781,True,True,True,134.50715229034424
INDHOTEL.NS,474.1253662109375,21.577875029462955,40.69383672261595,23.001631604497685,1.4361194639886177,True,True,True,392.84477081298826
IOC.NS,129.3284149169922,52.417355832620615,64.5915271578892,25.924236031483396,2.302819275465882,True,True,True,86.18774707794189
IOB.NS,44.45000076293945,66.16822715117551,36.76704459375166,54.640314919938085,0.8879640984285875,True,True,True,32.83349998474121
IRCTC.NS,953.2094116210938,56.91520727983503,25.682554473168363,32.04113518985982,1.1910846642309518,True,True,True,667.1974679565429
IRFC.NS,111.64788818359375,250.9117670050793,188.45258060050912,60.47875563820656,3.528527788518835,True,True,True,54.67566604614258
INDUSTOWER.NS,216.39999389648438,31.870801857239115,7.830520966738619,36.78913744218807,0.47410440938589143,True,True,True,172.3334998321533
INDUSINDBK.NS,1670.306640625,23.14339300692252,29.0227253018144,20.420949301583093,1.3054211035505356,True,True,True,1357.8094955444335
NAUKRI.NS,1062.517578125,20.2706182317375,39.1167976144662,28.616225403379026,1.1031257323100387,True,True,True,864.6864224243164
INFY.NS,1588.2666015625,25.51443624193317,4.482520932265244,26.115924784279393,0.4935820325063411,True,True,True,1325.6922082519532
INOXWIND.NS,112.9124984741211,133.41084955890668,281.0585009521513,55.252170240013434,4.017204525820654,True,True,True,53.89981237411499
INTELLECT.NS,825.8196411132812,39.6873698841399,82.21354090250819,41.68472704584716,1.5638205863169252,True,True,True,636.9173030090332
IPCALAB.NS,1134.7467041015625,49.257976708238346,28.905310400990246,24.184863362212138,1.5311670237307067,True,True,True,883.7364776611328
JBCHEPHARM.NS,1632.2197265625,27.813315612422883,43.462087647310945,34.31572269917246,1.0838105044253772,True,True,True,1274.965897216797
JBMA.NS,910.0458374023438,34.054771326708064,154.97085473409413,48.01215621561888,2.2199007660648804,True,True,True,601.0197561645508
JKTYRE.NS,397.83209228515625,61.80607393288879,76.58384825989928,45.02204091927439,1.5693878644271282,True,True,True,259.18580017089846
JMFINANCIL.NS,96.94131469726562,37.05206974502171,25.984458708003654,44.23271716935212,0.6873787386611413,True,True,True,75.1702329826355
JSWENERGY.NS,470.03765869140625,51.28614192390488,61.77479031476272,47.11965434595221,1.2217219022181276,True,True,True,336.67649574279784
JSWSTEEL.NS,816.5377197265625,2.4140594558138773,13.356791443991467,19.86929457147239,0.451711131722283,True,True,True,763.354033203125
JPPOWER.NS,17.0,180.99172667852588,91.94631619924036,63.889852298046776,1.9963188615203393,True,True,True,8.92150000333786
J&KBANK.NS,127.2291030883789,82.07836210660602,131.27278638981804,49.0921597749925,2.272710959923357,True,True,True,81.92349906921386
JINDALSAW.NS,253.30064392089844,55.70673729492002,287.21305563442894,55.34013805121569,3.515989935175076,True,True,True,158.41196731567382
JSL.NS,586.103759765625,60.473985897836656,131.77983121314907,37.482896907299825,2.754054810497185,True,True,True,407.9463133239746
JINDALSTEL.NS,732.0625,18.59989747938513,24.275370612056115,30.228011025000047,0.7277324338824526,True,True,True,631.6175042724609
JUBLFOOD.NS,530.9251098632812,11.07753165041878,13.234558765036475,24.62631060645824,0.5021753507177421,True,True,True,500.5466670227051
JUBLPHARMA.NS,556.3287963867188,45.24027274903766,31.567450481750157,51.03418149095137,0.725578867304017,True,True,True,399.2161212158203
JWL.NS,352.119873046875,106.146023190629,230.643056675764,54.68675205487382,3.306306800452801,True,True,True,237.10886016845703
JUSTDIAL.NS,892.8499755859375,14.828627046891384,32.86109413842502,24.199065543000412,1.059442267866767,True,True,True,735.2552499389649
JYOTHYLAB.NS,494.94342041015625,111.89969825963443,129.06894494303333,46.86647428207097,2.6068779305872964,True,True,True,314.1538729095459
KPRMILL.NS,771.8570556640625,20.071708205597204,56.36628580580025,29.328568660292547,1.4263972878253477,True,True,True,692.6743017578125
KNRCON.NS,260.6112976074219,4.982117092582916,3.9350894060086183,28.342691969834434,0.1535621550599367,True,True,True,257.4334214019775
KPITTECH.NS,1522.581298828125,44.91952675756805,118.11051082742496,35.42636213936516,2.5068633413924597,True,True,True,1145.1937020874022
KAJARIACER.NS,1394.4827880859375,7.11581671944348,17.111151577122953,26.724367773285728,0.49049290206721563,True,True,True,1278.106083984375
KALYANKJIL.NS,388.52911376953125,117.45300159451824,164.1379551377045,46.30178168577691,3.140971226445048,True,True,True,212.63861896514894
KANSAINER.NS,332.1099853515625,11.859922084599294,16.353378684727126,18.678823404581056,0.778861019207233,True,True,True,301.3836885070801
KARURVYSYA.NS,141.89059448242188,41.14246575862273,54.47859843001039,26.527383038560536,1.8518836348725758,True,True,True,104.426305809021
KAYNES.NS,2735.300048828125,60.5081717948279,231.51337588743655,37.65618866235373,4.3304432979017635,True,True,True,1877.6877523803712
KEC.NS,613.76806640625,6.288036828004806,29.233496700841766,29.27789806930667,0.6847644957056405,True,True,True,580.9556521606445
KFINTECH.NS,523.1495971679688,39.80467952617386,53.14612808908805,33.27188138429443,1.4365037875077424,True,True,True,404.9653395080566
KIRLOSBROS.NS,926.0733642578125,37.54383121312688,200.4611266396926,45.24555104046312,2.989560514865886,True,True,True,736.1386665344238
KIRLOSENG.NS,678.1466064453125,72.91204587600852,103.99096570071626,39.17093842005339,2.336835243434897,True,True,True,478.61473922729493
KIMS.NS,401.4200134277344,6.715230093499014,26.522131779812817,24.46366694435692,0.7599748393885819,True,True,True,361.2594999694824
LTF.NS,164.77503967285156,27.73523300120926,82.63847043531473,31.839341878877132,1.905131217229778,True,True,True,121.23198539733886
LICHSGFIN.NS,560.6026000976562,50.20148202924861,29.51786160417875,27.36893253973066,1.38030617955489,True,True,True,411.8089436340332
LATENTVIEW.NS,464.95001220703125,27.40101292098911,25.76425127354163,36.355699698210216,0.7264800664297645,True,True,True,397.0185000610352
LAURUSLABS.NS,419.5912780761719,19.45277237577201,2.33028863345357,29.05603836935478,0.3158078171416352,True,True,True,364.2917532348633
LEMONTREE.NS,136.89999389648438,47.68068867674362,52.915081359416895,34.86923335435692,1.4570654053667513,True,True,True,103.45749984741211
LICI.NS,810.8978271484375,34.30236513483005,12.553130395231026,28.237410465933593,0.7523813312622607,True,True,True,627.2232046508789
LODHA.NS,1201.97119140625,77.03468660122836,74.96851385390428,37.41732749080872,2.025124101405515,True,True,True,713.0808923339844
LUPIN.NS,1398.136474609375,50.88770344288,69.8556225832019,23.83134964590577,2.611783974141178,True,True,True,1006.4705340576172
MMTC.NS,69.25,115.73209748227593,61.77657067458016,75.16139912093519,1.1089161885034424,True,True,True,44.75100004196167
MGL.NS,1210.437744140625,15.016593237920617,39.14407177552866,29.656523355679827,0.994153578661209,True,True,True,1013.4867120361328
MAHSEAMLES.NS,960.5039672851562,110.48907765602421,190.70352143822507,39.64458619236535,3.9999848480548055,True,True,True,582.073773803711
M&M.NS,1610.7208251953125,5.209901528662297,37.42085886380726,24.096517659037374,1.0178357685997301,True,True,True,1447.510054321289
MANAPPURAM.NS,165.9878387451172,33.60582594350807,45.609673901582305,39.13790121992526,1.0424092594159897,True,True,True,133.39458351135255
MRPL.NS,166.68630981445312,93.817989167154,130.78292255338124,46.37952687683642,2.500498647180876,True,True,True,89.43389839172363
MASTEK.NS,2871.2060546875,49.44232301546039,51.76387996954885,34.53839175604026,1.4714218116687212,True,True,True,2132.160294189453
MFSL.NS,927.6500244140625,11.933637938348408,38.46885422723636,28.004720118380078,0.9942904156806494,True,True,True,829.7857516479493
MAXHEALTH.NS,725.705322265625,18.499517478942828,60.345473751376154,36.427793827322,1.1967544316501704,True,True,True,574.2372027587891
MAZDOCK.NS,1135.0162353515625,33.826980030344785,157.30768804033727,44.775485950393296,2.4096066514913543,True,True,True,793.8174203491211
METROPOLIS.NS,1555.550048828125,7.587846207672588,20.047935441036113,31.329472219544197,0.4806685844025293,True,True,True,1431.340386352539
MINDACORP.NS,393.9747314453125,32.389505042891486,75.4604763033606,36.5435082322844,1.5930642670227155,True,True,True,313.3714566040039
MSUMI.NS,41.6698112487793,8.512466551440468,6.349213626280381,26.21929713400085,0.27505558991865975,True,True,True,38.8838454914093
MPHASIS.NS,2519.960693359375,37.912296847851465,32.64682895539863,31.680347700768564,1.0966435723750967,True,True,True,2085.2410736083984
MUTHOOTFIN.NS,1414.658447265625,13.001198669323966,39.841004634800115,23.89765840993653,1.2173957712442873,True,True,True,1215.6907376098634
NATCOPHARM.NS,841.5079345703125,27.662636394158913,38.53343400188931,31.006764358112328,1.102149617029803,True,True,True,734.3967962646484
NBCC.NS,60.442447662353516,127.8210688792218,109.48509148386742,50.73746727405498,2.3019766052784667,True,True,True,35.7555958366394
NCC.NS,191.64735412597656,45.63989455319037,89.17298424193316,44.22517854299734,1.6222325924757908,True,True,True,139.9483334350586
NHPC.NS,69.23171997070312,54.88697549023374,72.97548166338252,35.164177428428985,1.8689869671547632,True,True,True,48.223904876708986
NLCINDIA.NS,225.28192138671875,101.63051657516134,155.65102705983347,48.849026599089775,2.7434607726806783,True,True,True,127.49765251159668
NMDC.NS,64.46394348144531,92.06490013130644,66.49961710265488,34.66930637731067,2.2124355510268856,True,True,True,42.01997735977173
NTPC.NS,307.4645690917969,70.25510385139897,82.65345913817418,24.65779275951059,3.1496177133038943,True,True,True,212.5256034851074
NH.NS,1281.2188720703125,25.228410788279266,63.91416329429194,25.597754113645188,1.8916091616982336,True,True,True,1001.346711730957
NATIONALUM.NS,127.31910705566406,63.20234320180531,36.13213688712737,40.15633214380844,1.1691438303319757,True,True,True,86.30889411926269
NAVA.NS,229.49314880371094,52.6809040336522,84.03148438104789,40.226907884141085,1.7767581059643769,True,True,True,173.44183364868164
NESTLEIND.NS,1240.7294921875,11.765927106672747,27.471154003517228,17.735006389938814,1.1940859743388625,True,True,True,1102.8917736816406
NETWORK18.NS,122.8499984741211,93.61701654364143,31.40684642719225,58.399742073714314,0.9637247567834081,True,True,True,69.50249990463257
NEWGEN.NS,850.710205078125,173.71024591342996,289.8445307589194,48.77619092816673,4.988928469105011,True,True,True,447.7134811401367
NAM-INDIA.NS,494.18450927734375,75.38504494384213,83.20268947121924,29.654323313930743,2.6993918186788326,True,True,True,307.2241946411133
OBEROIRLTY.NS,1555.5670166015625,52.16218654368432,74.36250443932386,27.15055851726949,2.410936330320026,True,True,True,1109.6629791259766
ONGC.NS,218.54083251953125,43.851811348854916,41.81444471582416,22.4356379769456,1.8992283227958158,True,True,True,162.23181838989257
OIL.NS,253.2318572998047,60.044929993977505,65.47327832386769,30.144020062871657,2.099286889772109,True,True,True,180.1087981414795
OLECTRA.NS,1658.9571533203125,18.975932594139678,147.43373854161214,47.55149997011,2.019503510675359,True,True,True,1062.1300936889647
POLICYBZR.NS,852.0499877929688,16.01987465520207,73.88686492305322,32.51024731530588,1.5602608529988513,True,True,True,713.5342504882813
PCBL.NS,257.7198181152344,63.19338288031109,114.57495357351131,41.36718516868867,2.2723228975802994,True,True,True,171.5356482696533
PGEL.NS,208.03216552734375,32.67030597983827,121.15107100105362,39.20706927777778,2.186771387355108,True,True,True,178.77243019104003
PNBHOUSING.NS,793.158203125,30.31467005532238,68.31628577857009,34.94147410463573,1.5196966894802904,True,True,True,633.6548860168457
PNCINFRA.NS,386.36602783203125,12.005202663507507,14.05332136965123,27.345753145809727,0.4837766233908605,True,True,True,331.97470291137694
PATANJALI.NS,1625.8582763671875,34.37379375108329,32.703958705899794,31.684075572962378,1.0529378794200304,True,True,True,1232.9163623046875
PETRONET.NS,223.313720703125,6.246555719358904,1.0329890364116023,27.663504138455934,0.11268597189530033,True,True,True,207.48178512573242
PHOENIXLTD.NS,1238.6732177734375,57.996689721319996,67.32794927547718,34.00173346010288,1.869809003660878,True,True,True,890.0752847290039
PIDILITIND.NS,2712.9228515625,5.468994031182639,5.056012402477972,18.334641763186546,0.2846174442303686,True,True,True,2492.3713793945312
PPLPHARMA.NS,141.8550262451172,56.323961462353566,11.026982045867983,37.02692782972281,0.7869382133005158,True,True,True,98.64852325439453
POLYMED.NS,1451.308349609375,31.887740896020155,74.58784094083337,42.16187604034854,1.3636528967287744,True,True,True,1261.456719970703
POONAWALLA.NS,494.1563415527344,35.51608670912512,49.35397707141747,34.06206961492879,1.2860627904828292,True,True,True,371.6150132751465
PFC.NS,383.29656982421875,128.45263293642887,258.2041638333313,42.59749599635798,4.841954370944606,True,True,True,209.97624946594237
POWERGRID.NS,228.23243713378906,32.58242147380115,57.67430673569409,22.599374598940987,2.106982323746727,True,True,True,180.87348487854004
PRAJIND.NS,514.6345825195312,29.871754350944112,46.17946383679463,42.1436907556193,0.9407570092108252,True,True,True,459.8516093444824
PRESTIGE.NS,1352.6029052734375,131.93815581447583,146.81326156757964,44.24758596869797,3.1828039461069193,True,True,True,689.9741717529297
PNB.NS,94.32050323486328,59.93485283024336,60.45916452296649,34.38344241077228,1.751771140739511,True,True,True,63.500007762908936
RBLBANK.NS,290.7927551269531,49.45140071423384,52.50741374707779,40.24238732197994,1.2740861336673037,True,True,True,209.789581451416
RECLTD.NS,410.4225158691406,174.2095161353957,285.99857759098234,43.53564052775424,5.540920975888818,True,True,True,219.16609535217285
RITES.NS,257.9031066894531,39.45861606907113,60.701844401171655,39.543599201322216,1.3198433043379358,True,True,True,209.70010948181152
RADICO.NS,1643.689208984375,18.634110153998517,62.66646173478472,33.33463703954355,1.3511474438615443,True,True,True,1302.9657427978516
RVNL.NS,218.6517333984375,83.20750056383103,158.89953248786034,51.03150706014554,2.5199632049791174,True,True,True,137.6751796913147
RAILTEL.NS,351.20819091796875,159.78098821104254,138.87477725311456,60.0837138981754,2.4501275106040046,True,True,True,189.9209383392334
RAINBOW.NS,1277.295654296875,20.539179703681796,45.05441053567951,32.82807812083154,1.073397720572444,True,True,True,1005.6125384521484
RKFORGE.NS,776.6094360351562,68.44513469520841,197.1606275708183,40.05896169846661,3.6355928440778422,True,True,True,554.0984565734864
RCF.NS,169.55548095703125,51.63250746837302,20.16925952911337,43.01565781664436,0.7612796728036595,True,True,True,118.78935493469238
RTNINDIA.NS,84.19999694824219,112.09066833783075,88.24911847320303,63.932228868175855,1.5292826063453386,True,True,True,53.14674991607666
RAYMOND.NS,1827.447509765625,0.9352716907727432,18.683116315784943,33.8878688756565,0.34173176220228435,True,True,True,1715.5053686523438
RELIANCE.NS,1383.88232421875,9.53041708605733,6.567078579130148,15.835691910336738,0.48924427066790505,True,True,True,1180.2423104858399
RPOWER.NS,30.799999237060547,93.71069167300749,63.356162728187805,58.75954546416746,1.2846445163022022,True,True,True,17.479499945640566
ROUTE.NS,1627.7825927734375,2.805226548502948,32.38484549496903,19.22017652824906,1.0687888322912853,True,True,True,1484.9342352294923
SBILIFE.NS,1424.7742919921875,9.953117259041665,16.223067210474063,19.697813579572273,0.6959212991601054,True,True,True,1289.3817510986328
SJVN.NS,99.80496215820312,115.39793991379561,193.63863383040717,62.60970849166701,2.5925121686787467,True,True,True,57.82839423179627
SAMMAANCAP.NS,195.03353881835938,80.39056788576235,49.114330162383354,53.908665668080225,1.1429219267237314,True,True,True,135.30263492584228
MOTHERSON.NS,71.11689758300781,16.085535402011363,31.754876106987417,25.493304565090934,0.9993661707621974,True,True,True,58.98670431137085
SAPPHIRE.NS,288.6300048828125,3.894750879847897,6.204306576558105,22.54211694705048,0.23414583696386157,True,True,True,272.97605018615724
SARDAEN.NS,247.31362915039062,53.29911520729831,134.31662380597643,46.72576237928032,2.180549009545749,True,True,True,182.82461994171143
SCHNEIDER.NS,433.0,54.67047012656809,129.15435586199666,41.52676370318466,2.39211707194721,True,True,True,295.93499877929685
SCI.NS,173.6725616455078,71.84011348707564,9.200467477042707,46.8758354871162,0.7306327278836527,True,True,True,123.00720317840576
SHRIRAMFIN.NS,446.9566650390625,28.26376283316261,64.42484187371905,28.99743242702348,1.7223313501871018,True,True,True,337.90489234924314
SHYAMMETL.NS,676.044921875,93.8706372709208,69.5391621442821,35.157819272897186,2.2540991688964356,True,True,True,409.9462568664551
SOBHA.NS,1324.0950927734375,138.81949885274253,77.96355743037817,50.607449338030996,2.021159409201151,True,True,True,676.0765321350098
SONACOMS.NS,598.5401611328125,11.513314587978773,35.27199767191509,30.685391732601957,0.839491629975567,True,True,True,540.1737562561035
SONATSOFTW.NS,746.7291259765625,55.981036075111135,169.27571054860357,35.454951908390136,3.4952208896096435,True,True,True,532.7663410949707
SBIN.NS,617.150634765625,8.629608063479921,5.068432563723624,19.88272125470637,0.32639590534100515,True,True,True,559.9066328430176
SAIL.NS,112.87897491455078,28.62127406171013,29.107371010051807,34.7606527886509,0.8315326262770736,True,True,True,89.45119808197022
SWSOLAR.NS,461.3500061035156,61.00157939522901,54.89409240740901,48.26976843720857,1.1876007085060518,True,True,True,337.10924911499023
SUNPHARMA.NS,1305.446044921875,23.66644356117076,22.508614961540708,14.821928830030066,1.5488037102013361,True,True,True,1080.9967803955078
SUNTV.NS,661.2924194335938,43.2705633457239,47.701692986757415,25.715543996589147,1.7853554869989763,True,True,True,528.5829428100586
SUNDRMFAST.NS,1250.013427734375,2.7612060945170214,24.31740420035313,20.549475685323944,0.7633913042452858,True,True,True,1176.9098815917969
SUZLON.NS,43.849998474121094,143.61110263400607,264.3902290158155,47.97187630564628,4.503337407788378,True,True,True,22.874249947071075
SWANENERGY.NS,545.157470703125,137.14669712557344,55.65557778529158,44.21579149558965,1.9954877580925858,True,True,True,311.0457604217529
SYRMA.NS,611.77392578125,27.25514918287102,143.9398263695089,41.563408885687345,2.339619437085418,True,True,True,483.6954946899414
TVSMOTOR.NS,2005.3231201171875,51.01780881596283,99.85042636289374,22.029213640285917,3.644294240939143,True,True,True,1464.232099609375
TANLA.NS,1152.45751953125,16.603848016454336,53.188599603779686,47.879579033292316,0.8050749191603195,True,True,True,911.0684648132324
TATACHEM.NS,1084.6217041015625,13.091652872628368,8.938123486900551,23.959965626617098,0.44220068590426254,True,True,True,976.7987750244141
TATACOMM.NS,1711.661865234375,8.93949828238072,33.68847596640197,27.352632833567192,0.86939312592794,True,True,True,1562.6655480957031
TATACONSUM.NS,1134.511962890625,36.47199029857207,25.781189382603497,19.24492071742691,1.5610300447400436,True,True,True,851.9898892211914
TATAMOTORS.NS,803.0460815429688,31.142012677124242,86.60978878121333,21.17700850899658,3.0406689227609487,True,True,True,601.7263954162597
TATAPOWER.NS,355.1552734375,58.594783039092114,63.06533377204395,31.400186777429003,1.9508675294760183,True,True,True,242.8077028656006
TATASTEEL.NS,129.2222137451172,17.6111622951316,16.952585918849962,20.65715875895737,0.8330132201602702,True,True,True,113.28118846893311
TTML.NS,92.9000015258789,25.371124748840025,3.205847497417036,41.06238352804771,0.2939191096553351,True,True,True,80.71200002670288
TECHM.NS,1278.2713623046875,19.67462387106462,29.67313212698237,23.78871211753074,1.0787864779331207,True,True,True,1095.8522821044921
TECHNOE.NS,765.6913452148438,87.31008016875559,111.60210203481978,37.40874892691657,2.722840720500534,True,True,True,497.85653549194336
TEJASNET.NS,854.2294311523438,16.275598781289524,38.40942154888156,33.56745308718102,0.8802303249476774,True,True,True,777.3856732177734
NIACL.NS,215.260009765625,86.7669621666391,72.8770374559321,51.63878684205315,1.518583729373362,True,True,True,140.14893676757814
RAMCOCEM.NS,976.3798828125,6.2707129633929215,47.00553464627619,22.258851521354554,1.3791284181706545,True,True,True,901.7058294677735
TITAGARH.NS,1048.1312255859375,101.0479615197971,332.0599267602537,53.675520226021845,4.464055478182888,True,True,True,654.9831626892089
TORNTPHARM.NS,2425.931884765625,28.246110377345524,36.54697592407889,22.617242450514205,1.4684347762681293,True,True,True,1867.0430737304687
TORNTPOWER.NS,984.3941650390625,61.596232700857925,92.84741018056897,35.362013686595006,2.2714833229620113,True,True,True,679.038109588623
TARIL.NS,134.1693572998047,165.79210132894949,225.21515836805372,70.45524237856897,2.8587985899510513,True,True,True,65.04664512634277
TRIDENT.NS,45.36030578613281,39.849618754422146,10.172177613774757,44.79553857065983,0.49197386691984357,True,True,True,34.03232194900513
TRIVENI.NS,331.9151611328125,22.342435209509336,20.650824365884436,39.248634593205736,0.5432554882340563,True,True,True,315.03792129516603
TRITURBINE.NS,414.0650634765625,5.818227279579813,69.74651663969946,37.411298609914844,1.180482840965527,True,True,True,388.2787469482422
UCOBANK.NS,40.892494201660156,44.36743002475993,24.999987933658296,47.631591292452,0.6873608517624632,True,True,True,32.44841251373291
UNOMINDA.NS,714.3984375,21.804137116318966,19.00797926198303,25.079291210760967,0.8021925463994389,True,True,True,587.5482015991211
UTIAMC.NS,864.8782348632812,14.750823957198843,1.3477794038007973,21.60302266861135,0.3104145740291806,True,True,True,723.3398941040039
UNIONBANK.NS,126.36609649658203,68.4266717049758,58.577281040987536,38.05507908458913,1.6423724529155972,True,True,True,85.01719017028809
UBL.NS,1807.203369140625,23.468415480286442,2.566652151146309,20.720419853227394,0.5271170367107229,True,True,True,1535.0594256591796
USHAMART.NS,302.95062255859375,3.3626460608156883,63.43506314197593,36.651768059052884,1.0748553164713313,True,True,True,288.04826515197755
VGUARD.NS,288.66278076171875,0.2815418348733223,12.436228929558535,25.3775729992745,0.29834888478315363,True,True,True,280.49138656616213
DBREALTY.NS,244.89999389648438,217.84553432395643,125.05606151139679,66.41832330792305,2.4413057948894226,True,True,True,130.13574995040892
VTL.NS,405.6492614746094,9.22996833786529,27.279437976533583,34.482423836181546,0.5815668454132898,True,True,True,357.27796661376954
VBL.NS,506.37811279296875,51.30075535495593,69.09449130794891,27.013494170667435,2.2934486760052093,True,True,True,359.58000701904297
VIJAYA.NS,668.1000366210938,40.98932412806564,55.16467355783878,34.43485420705612,1.4369209835642283,True,True,True,493.22192886352536
IDEA.NS,16.5,124.48979883115858,76.58227393497667,61.17554028366163,1.5648351464997408,True,True,True,9.854249999523162
VOLTAS.NS,1051.125,39.15523485189938,5.9147009714197285,21.924811438578622,0.8758185397401556,True,True,True,829.9641888427734
WELCORP.NS,526.1851806640625,76.91798675098214,140.08298848295078,39.68620592415375,2.8923919834943526,True,True,True,352.98375633239743
WELSPUNLIV.NS,152.02098083496094,56.21510223246147,111.98419485596997,46.650842088768535,1.9218803988998758,True,True,True,115.33120336532593
WIPRO.NS,237.298095703125,26.22176640873759,12.553627653282806,24.534503150289506,0.7342125870350795,True,True,True,194.04397209167482
WOCKPHARMA.NS,458.8999938964844,87.84281136470598,72.72340165807847,54.50601600664613,1.4449178665426756,True,True,True,252.478999710083
ZEEL.NS,240.85621643066406,20.22778666435525,15.912405555896303,46.27167646313078,0.3811132039119462,True,True,True,233.2672019958496
ZENTEC.NS,760.323486328125,32.07968078151444,272.048477965534,43.4221482769785,4.05370137275131,True,True,True,598.0427987670898
ZENSARTECH.NS,566.923583984375,48.19670540888659,158.26577717866468,40.22099625520437,2.8395555443391576,True,True,True,442.38716850280764
ZYDUSLIFE.NS,694.2457885742188,19.736030719395824,50.31293366679017,21.974868753534974,1.7321992191429003,True,True,True,582.6698901367188
